biosample_id,run_accession,fastq_file,download_url
SAMN03257091,SRR2898649,SRR2898649_subreads.fastq.gz,ftp://ftp.sra.ebi.ac.uk/vol1/fastq/SRR289/009/SRR2898649/SRR2898649_subreads.fastq.gz
SAMN03257091,SRR2667443,SRR2667443_1.fastq.gz,ftp://ftp.sra.ebi.ac.uk/vol1/fastq/SRR266/003/SRR2667443/SRR2667443_1.fastq.gz
SAMN03257091,SRR2667443,SRR2667443_2.fastq.gz,ftp://ftp.sra.ebi.ac.uk/vol1/fastq/SRR266/003/SRR2667443/SRR2667443_2.fastq.gz
SAMN03257091,SRR2898648,SRR2898648_subreads.fastq.gz,ftp://ftp.sra.ebi.ac.uk/vol1/fastq/SRR289/008/SRR2898648/SRR2898648_subreads.fastq.gz
SAMN03257091,SRR3668200,SRR3668200_subreads.fastq.gz,ftp://ftp.sra.ebi.ac.uk/vol1/fastq/SRR366/000/SRR3668200/SRR3668200_subreads.fastq.gz
SAMN03257091,SRR3647358,SRR3647358_1.fastq.gz,ftp://ftp.sra.ebi.ac.uk/vol1/fastq/SRR364/008/SRR3647358/SRR3647358_1.fastq.gz
SAMN03257091,SRR3647358,SRR3647358_2.fastq.gz,ftp://ftp.sra.ebi.ac.uk/vol1/fastq/SRR364/008/SRR3647358/SRR3647358_2.fastq.gz
SAMN03257091,SRR3668199,SRR3668199_subreads.fastq.gz,ftp://ftp.sra.ebi.ac.uk/vol1/fastq/SRR366/009/SRR3668199/SRR3668199_subreads.fastq.gz
SAMN41141464,SRR34323118,SRR34323118_1.fastq.gz,ftp://ftp.sra.ebi.ac.uk/vol1/fastq/SRR343/018/SRR34323118/SRR34323118_1.fastq.gz
SAMN03257093,SRR3647360,SRR3647360.fastq.gz,ftp://ftp.sra.ebi.ac.uk/vol1/fastq/SRR364/000/SRR3647360/SRR3647360.fastq.gz
SAMN03257093,SRR3647360,SRR3647360_1.fastq.gz,ftp://ftp.sra.ebi.ac.uk/vol1/fastq/SRR364/000/SRR3647360/SRR3647360_1.fastq.gz
SAMN03257093,SRR3647360,SRR3647360_2.fastq.gz,ftp://ftp.sra.ebi.ac.uk/vol1/fastq/SRR364/000/SRR3647360/SRR3647360_2.fastq.gz
SAMN03257093,SRR3668204,SRR3668204_subreads.fastq.gz,ftp://ftp.sra.ebi.ac.uk/vol1/fastq/SRR366/004/SRR3668204/SRR3668204_subreads.fastq.gz
SAMN03257093,SRR2667510,SRR2667510_1.fastq.gz,ftp://ftp.sra.ebi.ac.uk/vol1/fastq/SRR266/000/SRR2667510/SRR2667510_1.fastq.gz
SAMN03257093,SRR2667510,SRR2667510_2.fastq.gz,ftp://ftp.sra.ebi.ac.uk/vol1/fastq/SRR266/000/SRR2667510/SRR2667510_2.fastq.gz
SAMN03257093,SRR3668203,SRR3668203_subreads.fastq.gz,ftp://ftp.sra.ebi.ac.uk/vol1/fastq/SRR366/003/SRR3668203/SRR3668203_subreads.fastq.gz
SAMN33010680,SRR23325069,SRR23325069_1.fastq.gz,ftp://ftp.sra.ebi.ac.uk/vol1/fastq/SRR233/069/SRR23325069/SRR23325069_1.fastq.gz
SAMN33010680,SRR23325069,SRR23325069_2.fastq.gz,ftp://ftp.sra.ebi.ac.uk/vol1/fastq/SRR233/069/SRR23325069/SRR23325069_2.fastq.gz
SAMN33010680,SRR23325070,SRR23325070_1.fastq.gz,ftp://ftp.sra.ebi.ac.uk/vol1/fastq/SRR233/070/SRR23325070/SRR23325070_1.fastq.gz
SAMN24039456,SRR17234889,SRR17234889_subreads.fastq.gz,ftp://ftp.sra.ebi.ac.uk/vol1/fastq/SRR172/089/SRR17234889/SRR17234889_subreads.fastq.gz
SAMN24039456,SRR17234905,SRR17234905_1.fastq.gz,ftp://ftp.sra.ebi.ac.uk/vol1/fastq/SRR172/005/SRR17234905/SRR17234905_1.fastq.gz
SAMN24039456,SRR17234905,SRR17234905_2.fastq.gz,ftp://ftp.sra.ebi.ac.uk/vol1/fastq/SRR172/005/SRR17234905/SRR17234905_2.fastq.gz
SAMEA115401572,ERR12742693,ERR12742693.fastq.gz,ftp://ftp.sra.ebi.ac.uk/vol1/fastq/ERR127/093/ERR12742693/ERR12742693.fastq.gz
SAMEA115401572,ERR12743228,ERR12743228.fastq.gz,ftp://ftp.sra.ebi.ac.uk/vol1/fastq/ERR127/028/ERR12743228/ERR12743228.fastq.gz
SAMN24039411,SRR17234888,SRR17234888_subreads.fastq.gz,ftp://ftp.sra.ebi.ac.uk/vol1/fastq/SRR172/088/SRR17234888/SRR17234888_subreads.fastq.gz
SAMN24039411,SRR17234901,SRR17234901_1.fastq.gz,ftp://ftp.sra.ebi.ac.uk/vol1/fastq/SRR172/001/SRR17234901/SRR17234901_1.fastq.gz
SAMN24039411,SRR17234901,SRR17234901_2.fastq.gz,ftp://ftp.sra.ebi.ac.uk/vol1/fastq/SRR172/001/SRR17234901/SRR17234901_2.fastq.gz
SAMEA115401576,ERR12742688,ERR12742688.fastq.gz,ftp://ftp.sra.ebi.ac.uk/vol1/fastq/ERR127/088/ERR12742688/ERR12742688.fastq.gz
SAMEA115401576,ERR12743223,ERR12743223.fastq.gz,ftp://ftp.sra.ebi.ac.uk/vol1/fastq/ERR127/023/ERR12743223/ERR12743223.fastq.gz
SAMN41453947,SRR29081118,SRR29081118_1.fastq.gz,ftp://ftp.sra.ebi.ac.uk/vol1/fastq/SRR290/018/SRR29081118/SRR29081118_1.fastq.gz
SAMN41453947,SRR29081045,SRR29081045_1.fastq.gz,ftp://ftp.sra.ebi.ac.uk/vol1/fastq/SRR290/045/SRR29081045/SRR29081045_1.fastq.gz
SAMN41453947,SRR29081045,SRR29081045_2.fastq.gz,ftp://ftp.sra.ebi.ac.uk/vol1/fastq/SRR290/045/SRR29081045/SRR29081045_2.fastq.gz
SAMN27028219,SRR18511628,SRR18511628_1.fastq.gz,ftp://ftp.sra.ebi.ac.uk/vol1/fastq/SRR185/028/SRR18511628/SRR18511628_1.fastq.gz
SAMN27028219,SRR18511628,SRR18511628_2.fastq.gz,ftp://ftp.sra.ebi.ac.uk/vol1/fastq/SRR185/028/SRR18511628/SRR18511628_2.fastq.gz
SAMN40504538,SRR34323117,SRR34323117_1.fastq.gz,ftp://ftp.sra.ebi.ac.uk/vol1/fastq/SRR343/017/SRR34323117/SRR34323117_1.fastq.gz
SAMEA115401565,ERR12743215,ERR12743215.fastq.gz,ftp://ftp.sra.ebi.ac.uk/vol1/fastq/ERR127/015/ERR12743215/ERR12743215.fastq.gz
SAMEA115401565,ERR12742680,ERR12742680.fastq.gz,ftp://ftp.sra.ebi.ac.uk/vol1/fastq/ERR127/080/ERR12742680/ERR12742680.fastq.gz
SAMN24040382,SRR17234883,SRR17234883_1.fastq.gz,ftp://ftp.sra.ebi.ac.uk/vol1/fastq/SRR172/083/SRR17234883/SRR17234883_1.fastq.gz
SAMN24040382,SRR17234883,SRR17234883_2.fastq.gz,ftp://ftp.sra.ebi.ac.uk/vol1/fastq/SRR172/083/SRR17234883/SRR17234883_2.fastq.gz
SAMN24040382,SRR17234894,SRR17234894_subreads.fastq.gz,ftp://ftp.sra.ebi.ac.uk/vol1/fastq/SRR172/094/SRR17234894/SRR17234894_subreads.fastq.gz
SAMN27028220,SRR18511623,SRR18511623_1.fastq.gz,ftp://ftp.sra.ebi.ac.uk/vol1/fastq/SRR185/023/SRR18511623/SRR18511623_1.fastq.gz
SAMN27028220,SRR18511623,SRR18511623_2.fastq.gz,ftp://ftp.sra.ebi.ac.uk/vol1/fastq/SRR185/023/SRR18511623/SRR18511623_2.fastq.gz
SAMEA115401571,ERR12743226,ERR12743226.fastq.gz,ftp://ftp.sra.ebi.ac.uk/vol1/fastq/ERR127/026/ERR12743226/ERR12743226.fastq.gz
SAMEA115401571,ERR12742691,ERR12742691.fastq.gz,ftp://ftp.sra.ebi.ac.uk/vol1/fastq/ERR127/091/ERR12742691/ERR12742691.fastq.gz
SAMEA115401562,ERR12742683,ERR12742683.fastq.gz,ftp://ftp.sra.ebi.ac.uk/vol1/fastq/ERR127/083/ERR12742683/ERR12742683.fastq.gz
SAMEA115401562,ERR12743218,ERR12743218.fastq.gz,ftp://ftp.sra.ebi.ac.uk/vol1/fastq/ERR127/018/ERR12743218/ERR12743218.fastq.gz
SAMEA115401561,ERR12742679,ERR12742679.fastq.gz,ftp://ftp.sra.ebi.ac.uk/vol1/fastq/ERR127/079/ERR12742679/ERR12742679.fastq.gz
SAMEA115401561,ERR12743214,ERR12743214.fastq.gz,ftp://ftp.sra.ebi.ac.uk/vol1/fastq/ERR127/014/ERR12743214/ERR12743214.fastq.gz
SAMN24040410,SRR17234885,SRR17234885_1.fastq.gz,ftp://ftp.sra.ebi.ac.uk/vol1/fastq/SRR172/085/SRR17234885/SRR17234885_1.fastq.gz
SAMN24040410,SRR17234885,SRR17234885_2.fastq.gz,ftp://ftp.sra.ebi.ac.uk/vol1/fastq/SRR172/085/SRR17234885/SRR17234885_2.fastq.gz
SAMN24040410,SRR17234903,SRR17234903_subreads.fastq.gz,ftp://ftp.sra.ebi.ac.uk/vol1/fastq/SRR172/003/SRR17234903/SRR17234903_subreads.fastq.gz
SAMN28173806,SRR20082812,SRR20082812_1.fastq.gz,ftp://ftp.sra.ebi.ac.uk/vol1/fastq/SRR200/012/SRR20082812/SRR20082812_1.fastq.gz
SAMN28173806,SRR20082805,SRR20082805_1.fastq.gz,ftp://ftp.sra.ebi.ac.uk/vol1/fastq/SRR200/005/SRR20082805/SRR20082805_1.fastq.gz
SAMN28173806,SRR20082813,SRR20082813_1.fastq.gz,ftp://ftp.sra.ebi.ac.uk/vol1/fastq/SRR200/013/SRR20082813/SRR20082813_1.fastq.gz
SAMN28173806,SRR20082813,SRR20082813_2.fastq.gz,ftp://ftp.sra.ebi.ac.uk/vol1/fastq/SRR200/013/SRR20082813/SRR20082813_2.fastq.gz
SAMEA115401573,ERR12742692,ERR12742692.fastq.gz,ftp://ftp.sra.ebi.ac.uk/vol1/fastq/ERR127/092/ERR12742692/ERR12742692.fastq.gz
SAMEA115401573,ERR12743227,ERR12743227.fastq.gz,ftp://ftp.sra.ebi.ac.uk/vol1/fastq/ERR127/027/ERR12743227/ERR12743227.fastq.gz
SAMN24042982,SRR17234896,SRR17234896_subreads.fastq.gz,ftp://ftp.sra.ebi.ac.uk/vol1/fastq/SRR172/096/SRR17234896/SRR17234896_subreads.fastq.gz
SAMN24042982,SRR17234902,SRR17234902_1.fastq.gz,ftp://ftp.sra.ebi.ac.uk/vol1/fastq/SRR172/002/SRR17234902/SRR17234902_1.fastq.gz
SAMN24042982,SRR17234902,SRR17234902_2.fastq.gz,ftp://ftp.sra.ebi.ac.uk/vol1/fastq/SRR172/002/SRR17234902/SRR17234902_2.fastq.gz
SAMN13736268,SRR10828834,SRR10828834_subreads.fastq.gz,ftp://ftp.sra.ebi.ac.uk/vol1/fastq/SRR108/034/SRR10828834/SRR10828834_subreads.fastq.gz
SAMN13736268,SRR10828835,SRR10828835_1.fastq.gz,ftp://ftp.sra.ebi.ac.uk/vol1/fastq/SRR108/035/SRR10828835/SRR10828835_1.fastq.gz
SAMN13736268,SRR10828835,SRR10828835_2.fastq.gz,ftp://ftp.sra.ebi.ac.uk/vol1/fastq/SRR108/035/SRR10828835/SRR10828835_2.fastq.gz
SAMN16406474,SRR12801734,SRR12801734_1.fastq.gz,ftp://ftp.sra.ebi.ac.uk/vol1/fastq/SRR128/034/SRR12801734/SRR12801734_1.fastq.gz
SAMD00269950,DRR261094,DRR261094_1.fastq.gz,ftp://ftp.sra.ebi.ac.uk/vol1/fastq/DRR261/DRR261094/DRR261094_1.fastq.gz
SAMD00269950,DRR261094,DRR261094_2.fastq.gz,ftp://ftp.sra.ebi.ac.uk/vol1/fastq/DRR261/DRR261094/DRR261094_2.fastq.gz
SAMD00269950,DRR261202,DRR261202_1.fastq.gz,ftp://ftp.sra.ebi.ac.uk/vol1/fastq/DRR261/DRR261202/DRR261202_1.fastq.gz
SAMN12126281,SRR9588640,SRR9588640_subreads.fastq.gz,ftp://ftp.sra.ebi.ac.uk/vol1/fastq/SRR958/000/SRR9588640/SRR9588640_subreads.fastq.gz
SAMD00322307,DRR290121,DRR290121_1.fastq.gz,ftp://ftp.sra.ebi.ac.uk/vol1/fastq/DRR290/DRR290121/DRR290121_1.fastq.gz
SAMD00322307,DRR290121,DRR290121_2.fastq.gz,ftp://ftp.sra.ebi.ac.uk/vol1/fastq/DRR290/DRR290121/DRR290121_2.fastq.gz
SAMD00322307,DRR290122,DRR290122_1.fastq.gz,ftp://ftp.sra.ebi.ac.uk/vol1/fastq/DRR290/DRR290122/DRR290122_1.fastq.gz
SAMD00269953,DRR261143,DRR261143_1.fastq.gz,ftp://ftp.sra.ebi.ac.uk/vol1/fastq/DRR261/DRR261143/DRR261143_1.fastq.gz
SAMD00269953,DRR261143,DRR261143_2.fastq.gz,ftp://ftp.sra.ebi.ac.uk/vol1/fastq/DRR261/DRR261143/DRR261143_2.fastq.gz
SAMD00269953,DRR261205,DRR261205_1.fastq.gz,ftp://ftp.sra.ebi.ac.uk/vol1/fastq/DRR261/DRR261205/DRR261205_1.fastq.gz
SAMN24039564,SRR17234890,SRR17234890_subreads.fastq.gz,ftp://ftp.sra.ebi.ac.uk/vol1/fastq/SRR172/090/SRR17234890/SRR17234890_subreads.fastq.gz
SAMN24039564,SRR17234906,SRR17234906_1.fastq.gz,ftp://ftp.sra.ebi.ac.uk/vol1/fastq/SRR172/006/SRR17234906/SRR17234906_1.fastq.gz
SAMN24039564,SRR17234906,SRR17234906_2.fastq.gz,ftp://ftp.sra.ebi.ac.uk/vol1/fastq/SRR172/006/SRR17234906/SRR17234906_2.fastq.gz
SAMN10417149,SRR8186770,SRR8186770_subreads.fastq.gz,ftp://ftp.sra.ebi.ac.uk/vol1/fastq/SRR818/000/SRR8186770/SRR8186770_subreads.fastq.gz
SAMN10417149,SRR8186769,SRR8186769_1.fastq.gz,ftp://ftp.sra.ebi.ac.uk/vol1/fastq/SRR818/009/SRR8186769/SRR8186769_1.fastq.gz
SAMN10417149,SRR8186769,SRR8186769_2.fastq.gz,ftp://ftp.sra.ebi.ac.uk/vol1/fastq/SRR818/009/SRR8186769/SRR8186769_2.fastq.gz
SAMN10417149,SRR8186771,SRR8186771_subreads.fastq.gz,ftp://ftp.sra.ebi.ac.uk/vol1/fastq/SRR818/001/SRR8186771/SRR8186771_subreads.fastq.gz
SAMN10417149,SRR8186768,SRR8186768_1.fastq.gz,ftp://ftp.sra.ebi.ac.uk/vol1/fastq/SRR818/008/SRR8186768/SRR8186768_1.fastq.gz
SAMN10417149,SRR8186768,SRR8186768_2.fastq.gz,ftp://ftp.sra.ebi.ac.uk/vol1/fastq/SRR818/008/SRR8186768/SRR8186768_2.fastq.gz
SAMN10417149,SRR8186772,SRR8186772_subreads.fastq.gz,ftp://ftp.sra.ebi.ac.uk/vol1/fastq/SRR818/002/SRR8186772/SRR8186772_subreads.fastq.gz
SAMN16564840,SRR16643349,SRR16643349_1.fastq.gz,ftp://ftp.sra.ebi.ac.uk/vol1/fastq/SRR166/049/SRR16643349/SRR16643349_1.fastq.gz
SAMN16564840,SRR16643349,SRR16643349_2.fastq.gz,ftp://ftp.sra.ebi.ac.uk/vol1/fastq/SRR166/049/SRR16643349/SRR16643349_2.fastq.gz
SAMN16564840,SRR12916665,SRR12916665_subreads.fastq.gz,ftp://ftp.sra.ebi.ac.uk/vol1/fastq/SRR129/065/SRR12916665/SRR12916665_subreads.fastq.gz
SAMN16564840,SRR12966358,SRR12966358_subreads.fastq.gz,ftp://ftp.sra.ebi.ac.uk/vol1/fastq/SRR129/058/SRR12966358/SRR12966358_subreads.fastq.gz
SAMN03257090,SRR2667442,SRR2667442_1.fastq.gz,ftp://ftp.sra.ebi.ac.uk/vol1/fastq/SRR266/002/SRR2667442/SRR2667442_1.fastq.gz
SAMN03257090,SRR2667442,SRR2667442_2.fastq.gz,ftp://ftp.sra.ebi.ac.uk/vol1/fastq/SRR266/002/SRR2667442/SRR2667442_2.fastq.gz
SAMN03257090,SRR3647357,SRR3647357_1.fastq.gz,ftp://ftp.sra.ebi.ac.uk/vol1/fastq/SRR364/007/SRR3647357/SRR3647357_1.fastq.gz
SAMN03257090,SRR3647357,SRR3647357_2.fastq.gz,ftp://ftp.sra.ebi.ac.uk/vol1/fastq/SRR364/007/SRR3647357/SRR3647357_2.fastq.gz
SAMN03257090,SRR3668198,SRR3668198_subreads.fastq.gz,ftp://ftp.sra.ebi.ac.uk/vol1/fastq/SRR366/008/SRR3668198/SRR3668198_subreads.fastq.gz
SAMN03257090,SRR3668222,SRR3668222_subreads.fastq.gz,ftp://ftp.sra.ebi.ac.uk/vol1/fastq/SRR366/002/SRR3668222/SRR3668222_subreads.fastq.gz
SAMEA115401570,ERR12742681,ERR12742681.fastq.gz,ftp://ftp.sra.ebi.ac.uk/vol1/fastq/ERR127/081/ERR12742681/ERR12742681.fastq.gz
SAMEA115401570,ERR12743216,ERR12743216.fastq.gz,ftp://ftp.sra.ebi.ac.uk/vol1/fastq/ERR127/016/ERR12743216/ERR12743216.fastq.gz
SAMN08321034,SRR6467888,SRR6467888_subreads.fastq.gz,ftp://ftp.sra.ebi.ac.uk/vol1/fastq/SRR646/008/SRR6467888/SRR6467888_subreads.fastq.gz
SAMN08321034,SRR6467889,SRR6467889_1.fastq.gz,ftp://ftp.sra.ebi.ac.uk/vol1/fastq/SRR646/009/SRR6467889/SRR6467889_1.fastq.gz
SAMN08321034,SRR6467889,SRR6467889_2.fastq.gz,ftp://ftp.sra.ebi.ac.uk/vol1/fastq/SRR646/009/SRR6467889/SRR6467889_2.fastq.gz
SAMN16406464,SRR12801728,SRR12801728_1.fastq.gz,ftp://ftp.sra.ebi.ac.uk/vol1/fastq/SRR128/028/SRR12801728/SRR12801728_1.fastq.gz
SAMN27028221,SRR18511601,SRR18511601_1.fastq.gz,ftp://ftp.sra.ebi.ac.uk/vol1/fastq/SRR185/001/SRR18511601/SRR18511601_1.fastq.gz
SAMN27028221,SRR18511601,SRR18511601_2.fastq.gz,ftp://ftp.sra.ebi.ac.uk/vol1/fastq/SRR185/001/SRR18511601/SRR18511601_2.fastq.gz
SAMN37563202,SRR26193458,SRR26193458_subreads.fastq.gz,ftp://ftp.sra.ebi.ac.uk/vol1/fastq/SRR261/058/SRR26193458/SRR26193458_subreads.fastq.gz
SAMEA115401574,ERR12742687,ERR12742687.fastq.gz,ftp://ftp.sra.ebi.ac.uk/vol1/fastq/ERR127/087/ERR12742687/ERR12742687.fastq.gz
SAMEA115401574,ERR12743222,ERR12743222.fastq.gz,ftp://ftp.sra.ebi.ac.uk/vol1/fastq/ERR127/022/ERR12743222/ERR12743222.fastq.gz
SAMN41453954,SRR29081048,SRR29081048_1.fastq.gz,ftp://ftp.sra.ebi.ac.uk/vol1/fastq/SRR290/048/SRR29081048/SRR29081048_1.fastq.gz
SAMN41453954,SRR29081007,SRR29081007_1.fastq.gz,ftp://ftp.sra.ebi.ac.uk/vol1/fastq/SRR290/007/SRR29081007/SRR29081007_1.fastq.gz
SAMN41453954,SRR29081007,SRR29081007_2.fastq.gz,ftp://ftp.sra.ebi.ac.uk/vol1/fastq/SRR290/007/SRR29081007/SRR29081007_2.fastq.gz
SAMN16406477,SRR12801731,SRR12801731_1.fastq.gz,ftp://ftp.sra.ebi.ac.uk/vol1/fastq/SRR128/031/SRR12801731/SRR12801731_1.fastq.gz
SAMN16406468,SRR12801724,SRR12801724_1.fastq.gz,ftp://ftp.sra.ebi.ac.uk/vol1/fastq/SRR128/024/SRR12801724/SRR12801724_1.fastq.gz
SAMN03257094,SRR2667511,SRR2667511_1.fastq.gz,ftp://ftp.sra.ebi.ac.uk/vol1/fastq/SRR266/001/SRR2667511/SRR2667511_1.fastq.gz
SAMN03257094,SRR2667511,SRR2667511_2.fastq.gz,ftp://ftp.sra.ebi.ac.uk/vol1/fastq/SRR266/001/SRR2667511/SRR2667511_2.fastq.gz
SAMN03257094,SRR3647361,SRR3647361_1.fastq.gz,ftp://ftp.sra.ebi.ac.uk/vol1/fastq/SRR364/001/SRR3647361/SRR3647361_1.fastq.gz
SAMN03257094,SRR3647361,SRR3647361_2.fastq.gz,ftp://ftp.sra.ebi.ac.uk/vol1/fastq/SRR364/001/SRR3647361/SRR3647361_2.fastq.gz
SAMN03257094,SRR3668205,SRR3668205_subreads.fastq.gz,ftp://ftp.sra.ebi.ac.uk/vol1/fastq/SRR366/005/SRR3668205/SRR3668205_subreads.fastq.gz
SAMN03257094,SRR3668206,SRR3668206_subreads.fastq.gz,ftp://ftp.sra.ebi.ac.uk/vol1/fastq/SRR366/006/SRR3668206/SRR3668206_subreads.fastq.gz
SAMN27305103,SRR18636082,SRR18636082_1.fastq.gz,ftp://ftp.sra.ebi.ac.uk/vol1/fastq/SRR186/082/SRR18636082/SRR18636082_1.fastq.gz
SAMN27305103,SRR18636082,SRR18636082_2.fastq.gz,ftp://ftp.sra.ebi.ac.uk/vol1/fastq/SRR186/082/SRR18636082/SRR18636082_2.fastq.gz
SAMN27305103,SRR23035463,SRR23035463_1.fastq.gz,ftp://ftp.sra.ebi.ac.uk/vol1/fastq/SRR230/063/SRR23035463/SRR23035463_1.fastq.gz
SAMN37563190,SRR26193454,SRR26193454_1.fastq.gz,ftp://ftp.sra.ebi.ac.uk/vol1/fastq/SRR261/054/SRR26193454/SRR26193454_1.fastq.gz
SAMN06292067,SRR5229943,SRR5229943_subreads.fastq.gz,ftp://ftp.sra.ebi.ac.uk/vol1/fastq/SRR522/003/SRR5229943/SRR5229943_subreads.fastq.gz
SAMN37563202,SRR26193458,SRR26193458_subreads.fastq.gz,ftp://ftp.sra.ebi.ac.uk/vol1/fastq/SRR261/058/SRR26193458/SRR26193458_subreads.fastq.gz
SAMN16406479,SRR12801729,SRR12801729_1.fastq.gz,ftp://ftp.sra.ebi.ac.uk/vol1/fastq/SRR128/029/SRR12801729/SRR12801729_1.fastq.gz
SAMN41453956,SRR29081044,SRR29081044_1.fastq.gz,ftp://ftp.sra.ebi.ac.uk/vol1/fastq/SRR290/044/SRR29081044/SRR29081044_1.fastq.gz
SAMN41453956,SRR29081044,SRR29081044_2.fastq.gz,ftp://ftp.sra.ebi.ac.uk/vol1/fastq/SRR290/044/SRR29081044/SRR29081044_2.fastq.gz
SAMN41453956,SRR29081117,SRR29081117_1.fastq.gz,ftp://ftp.sra.ebi.ac.uk/vol1/fastq/SRR290/017/SRR29081117/SRR29081117_1.fastq.gz
SAMD00089644,DRR261063,DRR261063_1.fastq.gz,ftp://ftp.sra.ebi.ac.uk/vol1/fastq/DRR261/DRR261063/DRR261063_1.fastq.gz
SAMD00089644,DRR261063,DRR261063_2.fastq.gz,ftp://ftp.sra.ebi.ac.uk/vol1/fastq/DRR261/DRR261063/DRR261063_2.fastq.gz
SAMD00089644,DRR099694,DRR099694_1.fastq.gz,ftp://ftp.sra.ebi.ac.uk/vol1/fastq/DRR099/DRR099694/DRR099694_1.fastq.gz
SAMD00089644,DRR099694,DRR099694_2.fastq.gz,ftp://ftp.sra.ebi.ac.uk/vol1/fastq/DRR099/DRR099694/DRR099694_2.fastq.gz
SAMD00089644,DRR261199,DRR261199_1.fastq.gz,ftp://ftp.sra.ebi.ac.uk/vol1/fastq/DRR261/DRR261199/DRR261199_1.fastq.gz
SAMN41141372,SRR34323112,SRR34323112_1.fastq.gz,ftp://ftp.sra.ebi.ac.uk/vol1/fastq/SRR343/012/SRR34323112/SRR34323112_1.fastq.gz
SAMN16406466,SRR12801726,SRR12801726_1.fastq.gz,ftp://ftp.sra.ebi.ac.uk/vol1/fastq/SRR128/026/SRR12801726/SRR12801726_1.fastq.gz
SAMEA13188689,ERR9030503,ERR9030503.fastq.gz,ftp://ftp.sra.ebi.ac.uk/vol1/fastq/ERR903/003/ERR9030503/ERR9030503.fastq.gz
SAMEA13188689,ERR9030539,ERR9030539_1.fastq.gz,ftp://ftp.sra.ebi.ac.uk/vol1/fastq/ERR903/009/ERR9030539/ERR9030539_1.fastq.gz
SAMEA13188689,ERR9030539,ERR9030539_2.fastq.gz,ftp://ftp.sra.ebi.ac.uk/vol1/fastq/ERR903/009/ERR9030539/ERR9030539_2.fastq.gz
SAMEA13188689,ERR9030258,ERR9030258.fastq.gz,ftp://ftp.sra.ebi.ac.uk/vol1/fastq/ERR903/008/ERR9030258/ERR9030258.fastq.gz
SAMD00089643,DRR261054,DRR261054_1.fastq.gz,ftp://ftp.sra.ebi.ac.uk/vol1/fastq/DRR261/DRR261054/DRR261054_1.fastq.gz
SAMD00089643,DRR261054,DRR261054_2.fastq.gz,ftp://ftp.sra.ebi.ac.uk/vol1/fastq/DRR261/DRR261054/DRR261054_2.fastq.gz
SAMD00089643,DRR099693,DRR099693_1.fastq.gz,ftp://ftp.sra.ebi.ac.uk/vol1/fastq/DRR099/DRR099693/DRR099693_1.fastq.gz
SAMD00089643,DRR099693,DRR099693_2.fastq.gz,ftp://ftp.sra.ebi.ac.uk/vol1/fastq/DRR099/DRR099693/DRR099693_2.fastq.gz
SAMD00089643,DRR261198,DRR261198_1.fastq.gz,ftp://ftp.sra.ebi.ac.uk/vol1/fastq/DRR261/DRR261198/DRR261198_1.fastq.gz
SAMN37563195,SRR26193449,SRR26193449_1.fastq.gz,ftp://ftp.sra.ebi.ac.uk/vol1/fastq/SRR261/049/SRR26193449/SRR26193449_1.fastq.gz
SAMEA115401566,ERR12742684,ERR12742684.fastq.gz,ftp://ftp.sra.ebi.ac.uk/vol1/fastq/ERR127/084/ERR12742684/ERR12742684.fastq.gz
SAMEA115401566,ERR12743219,ERR12743219.fastq.gz,ftp://ftp.sra.ebi.ac.uk/vol1/fastq/ERR127/019/ERR12743219/ERR12743219.fastq.gz
SAMN27028218,SRR18511645,SRR18511645_1.fastq.gz,ftp://ftp.sra.ebi.ac.uk/vol1/fastq/SRR185/045/SRR18511645/SRR18511645_1.fastq.gz
SAMN27028218,SRR18511645,SRR18511645_2.fastq.gz,ftp://ftp.sra.ebi.ac.uk/vol1/fastq/SRR185/045/SRR18511645/SRR18511645_2.fastq.gz
SAMN37563188,SRR26193464,SRR26193464_1.fastq.gz,ftp://ftp.sra.ebi.ac.uk/vol1/fastq/SRR261/064/SRR26193464/SRR26193464_1.fastq.gz
SAMN06292590,SRR5248874,SRR5248874_subreads.fastq.gz,ftp://ftp.sra.ebi.ac.uk/vol1/fastq/SRR524/004/SRR5248874/SRR5248874_subreads.fastq.gz
SAMN03253054,SRR3668208,SRR3668208_subreads.fastq.gz,ftp://ftp.sra.ebi.ac.uk/vol1/fastq/SRR366/008/SRR3668208/SRR3668208_subreads.fastq.gz
SAMN03253054,SRR2667436,SRR2667436_1.fastq.gz,ftp://ftp.sra.ebi.ac.uk/vol1/fastq/SRR266/006/SRR2667436/SRR2667436_1.fastq.gz
SAMN03253054,SRR2667436,SRR2667436_2.fastq.gz,ftp://ftp.sra.ebi.ac.uk/vol1/fastq/SRR266/006/SRR2667436/SRR2667436_2.fastq.gz
SAMN03253054,SRR3647351,SRR3647351_1.fastq.gz,ftp://ftp.sra.ebi.ac.uk/vol1/fastq/SRR364/001/SRR3647351/SRR3647351_1.fastq.gz
SAMN03253054,SRR3647351,SRR3647351_2.fastq.gz,ftp://ftp.sra.ebi.ac.uk/vol1/fastq/SRR364/001/SRR3647351/SRR3647351_2.fastq.gz
SAMN03253054,SRR3668197,SRR3668197_subreads.fastq.gz,ftp://ftp.sra.ebi.ac.uk/vol1/fastq/SRR366/007/SRR3668197/SRR3668197_subreads.fastq.gz
SAMN03253054,SRR3668196,SRR3668196_subreads.fastq.gz,ftp://ftp.sra.ebi.ac.uk/vol1/fastq/SRR366/006/SRR3668196/SRR3668196_subreads.fastq.gz
SAMN03253093,SRR3668218,SRR3668218_subreads.fastq.gz,ftp://ftp.sra.ebi.ac.uk/vol1/fastq/SRR366/008/SRR3668218/SRR3668218_subreads.fastq.gz
SAMN03253093,SRR2667440,SRR2667440_1.fastq.gz,ftp://ftp.sra.ebi.ac.uk/vol1/fastq/SRR266/000/SRR2667440/SRR2667440_1.fastq.gz
SAMN03253093,SRR2667440,SRR2667440_2.fastq.gz,ftp://ftp.sra.ebi.ac.uk/vol1/fastq/SRR266/000/SRR2667440/SRR2667440_2.fastq.gz
SAMN03253093,SRR3647355,SRR3647355_1.fastq.gz,ftp://ftp.sra.ebi.ac.uk/vol1/fastq/SRR364/005/SRR3647355/SRR3647355_1.fastq.gz
SAMN03253093,SRR3647355,SRR3647355_2.fastq.gz,ftp://ftp.sra.ebi.ac.uk/vol1/fastq/SRR364/005/SRR3647355/SRR3647355_2.fastq.gz
SAMN03253093,SRR3668219,SRR3668219_subreads.fastq.gz,ftp://ftp.sra.ebi.ac.uk/vol1/fastq/SRR366/009/SRR3668219/SRR3668219_subreads.fastq.gz
SAMN41141444,SRR34323111,SRR34323111_1.fastq.gz,ftp://ftp.sra.ebi.ac.uk/vol1/fastq/SRR343/011/SRR34323111/SRR34323111_1.fastq.gz
SAMN10219708,SRR7983755,SRR7983755_subreads.fastq.gz,ftp://ftp.sra.ebi.ac.uk/vol1/fastq/SRR798/005/SRR7983755/SRR7983755_subreads.fastq.gz
SAMN10219708,SRR7983756,SRR7983756_1.fastq.gz,ftp://ftp.sra.ebi.ac.uk/vol1/fastq/SRR798/006/SRR7983756/SRR7983756_1.fastq.gz
SAMN10219708,SRR7983756,SRR7983756_2.fastq.gz,ftp://ftp.sra.ebi.ac.uk/vol1/fastq/SRR798/006/SRR7983756/SRR7983756_2.fastq.gz
SAMEA115401564,ERR12742695,ERR12742695.fastq.gz,ftp://ftp.sra.ebi.ac.uk/vol1/fastq/ERR127/095/ERR12742695/ERR12742695.fastq.gz
SAMEA115401564,ERR12743230,ERR12743230.fastq.gz,ftp://ftp.sra.ebi.ac.uk/vol1/fastq/ERR127/030/ERR12743230/ERR12743230.fastq.gz
SAMN06292065,SRR5229937,SRR5229937_subreads.fastq.gz,ftp://ftp.sra.ebi.ac.uk/vol1/fastq/SRR522/007/SRR5229937/SRR5229937_subreads.fastq.gz
SAMN16605479,SRR13014435,SRR13014435_1.fastq.gz,ftp://ftp.sra.ebi.ac.uk/vol1/fastq/SRR130/035/SRR13014435/SRR13014435_1.fastq.gz
SAMN16605479,SRR13014435,SRR13014435_2.fastq.gz,ftp://ftp.sra.ebi.ac.uk/vol1/fastq/SRR130/035/SRR13014435/SRR13014435_2.fastq.gz
SAMN16605479,SRR13076399,SRR13076399_1.fastq.gz,ftp://ftp.sra.ebi.ac.uk/vol1/fastq/SRR130/099/SRR13076399/SRR13076399_1.fastq.gz
SAMN03253058,SRR3647352,SRR3647352_1.fastq.gz,ftp://ftp.sra.ebi.ac.uk/vol1/fastq/SRR364/002/SRR3647352/SRR3647352_1.fastq.gz
SAMN03253058,SRR3647352,SRR3647352_2.fastq.gz,ftp://ftp.sra.ebi.ac.uk/vol1/fastq/SRR364/002/SRR3647352/SRR3647352_2.fastq.gz
SAMN03253058,SRR2667437,SRR2667437_1.fastq.gz,ftp://ftp.sra.ebi.ac.uk/vol1/fastq/SRR266/007/SRR2667437/SRR2667437_1.fastq.gz
SAMN03253058,SRR2667437,SRR2667437_2.fastq.gz,ftp://ftp.sra.ebi.ac.uk/vol1/fastq/SRR266/007/SRR2667437/SRR2667437_2.fastq.gz
SAMN03253058,SRR3668215,SRR3668215_subreads.fastq.gz,ftp://ftp.sra.ebi.ac.uk/vol1/fastq/SRR366/005/SRR3668215/SRR3668215_subreads.fastq.gz
SAMN03253058,SRR3668216,SRR3668216_subreads.fastq.gz,ftp://ftp.sra.ebi.ac.uk/vol1/fastq/SRR366/006/SRR3668216/SRR3668216_subreads.fastq.gz
SAMN16406475,SRR12801733,SRR12801733_1.fastq.gz,ftp://ftp.sra.ebi.ac.uk/vol1/fastq/SRR128/033/SRR12801733/SRR12801733_1.fastq.gz
SAMN24038646,SRR17234887,SRR17234887_subreads.fastq.gz,ftp://ftp.sra.ebi.ac.uk/vol1/fastq/SRR172/087/SRR17234887/SRR17234887_subreads.fastq.gz
SAMN24038646,SRR17234899,SRR17234899_1.fastq.gz,ftp://ftp.sra.ebi.ac.uk/vol1/fastq/SRR172/099/SRR17234899/SRR17234899_1.fastq.gz
SAMN24038646,SRR17234899,SRR17234899_2.fastq.gz,ftp://ftp.sra.ebi.ac.uk/vol1/fastq/SRR172/099/SRR17234899/SRR17234899_2.fastq.gz
SAMN24040618,SRR17234900,SRR17234900_subreads.fastq.gz,ftp://ftp.sra.ebi.ac.uk/vol1/fastq/SRR172/000/SRR17234900/SRR17234900_subreads.fastq.gz
SAMN24040618,SRR17234892,SRR17234892_1.fastq.gz,ftp://ftp.sra.ebi.ac.uk/vol1/fastq/SRR172/092/SRR17234892/SRR17234892_1.fastq.gz
SAMN24040618,SRR17234892,SRR17234892_2.fastq.gz,ftp://ftp.sra.ebi.ac.uk/vol1/fastq/SRR172/092/SRR17234892/SRR17234892_2.fastq.gz
SAMN16406471,SRR12801721,SRR12801721_1.fastq.gz,ftp://ftp.sra.ebi.ac.uk/vol1/fastq/SRR128/021/SRR12801721/SRR12801721_1.fastq.gz
SAMN31746260,SRR22314237,SRR22314237_1.fastq.gz,ftp://ftp.sra.ebi.ac.uk/vol1/fastq/SRR223/037/SRR22314237/SRR22314237_1.fastq.gz
SAMN31746260,SRR22314237,SRR22314237_2.fastq.gz,ftp://ftp.sra.ebi.ac.uk/vol1/fastq/SRR223/037/SRR22314237/SRR22314237_2.fastq.gz
SAMN31746260,SRR22314236,SRR22314236_1.fastq.gz,ftp://ftp.sra.ebi.ac.uk/vol1/fastq/SRR223/036/SRR22314236/SRR22314236_1.fastq.gz
SAMN31746122,SRR22314234,SRR22314234_1.fastq.gz,ftp://ftp.sra.ebi.ac.uk/vol1/fastq/SRR223/034/SRR22314234/SRR22314234_1.fastq.gz
SAMN31746122,SRR22314235,SRR22314235_1.fastq.gz,ftp://ftp.sra.ebi.ac.uk/vol1/fastq/SRR223/035/SRR22314235/SRR22314235_1.fastq.gz
SAMN31746122,SRR22314235,SRR22314235_2.fastq.gz,ftp://ftp.sra.ebi.ac.uk/vol1/fastq/SRR223/035/SRR22314235/SRR22314235_2.fastq.gz
SAMEA115401569,ERR12743229,ERR12743229.fastq.gz,ftp://ftp.sra.ebi.ac.uk/vol1/fastq/ERR127/029/ERR12743229/ERR12743229.fastq.gz
SAMEA115401569,ERR12742694,ERR12742694.fastq.gz,ftp://ftp.sra.ebi.ac.uk/vol1/fastq/ERR127/094/ERR12742694/ERR12742694.fastq.gz
SAMEA115401567,ERR12743220,ERR12743220.fastq.gz,ftp://ftp.sra.ebi.ac.uk/vol1/fastq/ERR127/020/ERR12743220/ERR12743220.fastq.gz
SAMEA115401567,ERR12742685,ERR12742685.fastq.gz,ftp://ftp.sra.ebi.ac.uk/vol1/fastq/ERR127/085/ERR12742685/ERR12742685.fastq.gz
SAMN18614372,SRR17234898,SRR17234898_1.fastq.gz,ftp://ftp.sra.ebi.ac.uk/vol1/fastq/SRR172/098/SRR17234898/SRR17234898_1.fastq.gz
SAMN18614372,SRR17234898,SRR17234898_2.fastq.gz,ftp://ftp.sra.ebi.ac.uk/vol1/fastq/SRR172/098/SRR17234898/SRR17234898_2.fastq.gz
SAMN18614372,SRR17234886,SRR17234886_subreads.fastq.gz,ftp://ftp.sra.ebi.ac.uk/vol1/fastq/SRR172/086/SRR17234886/SRR17234886_subreads.fastq.gz
SAMN24040385,SRR17234884,SRR17234884_1.fastq.gz,ftp://ftp.sra.ebi.ac.uk/vol1/fastq/SRR172/084/SRR17234884/SRR17234884_1.fastq.gz
SAMN24040385,SRR17234884,SRR17234884_2.fastq.gz,ftp://ftp.sra.ebi.ac.uk/vol1/fastq/SRR172/084/SRR17234884/SRR17234884_2.fastq.gz
SAMN24040385,SRR17234895,SRR17234895_subreads.fastq.gz,ftp://ftp.sra.ebi.ac.uk/vol1/fastq/SRR172/095/SRR17234895/SRR17234895_subreads.fastq.gz
SAMD00269952,DRR261118,DRR261118_1.fastq.gz,ftp://ftp.sra.ebi.ac.uk/vol1/fastq/DRR261/DRR261118/DRR261118_1.fastq.gz
SAMD00269952,DRR261118,DRR261118_2.fastq.gz,ftp://ftp.sra.ebi.ac.uk/vol1/fastq/DRR261/DRR261118/DRR261118_2.fastq.gz
SAMD00269952,DRR261204,DRR261204_1.fastq.gz,ftp://ftp.sra.ebi.ac.uk/vol1/fastq/DRR261/DRR261204/DRR261204_1.fastq.gz
SAMN41453946,SRR29081119,SRR29081119_1.fastq.gz,ftp://ftp.sra.ebi.ac.uk/vol1/fastq/SRR290/019/SRR29081119/SRR29081119_1.fastq.gz
SAMN41453946,SRR29081046,SRR29081046_1.fastq.gz,ftp://ftp.sra.ebi.ac.uk/vol1/fastq/SRR290/046/SRR29081046/SRR29081046_1.fastq.gz
SAMN41453946,SRR29081046,SRR29081046_2.fastq.gz,ftp://ftp.sra.ebi.ac.uk/vol1/fastq/SRR290/046/SRR29081046/SRR29081046_2.fastq.gz
SAMN37576636,SRR26203935,SRR26203935_1.fastq.gz,ftp://ftp.sra.ebi.ac.uk/vol1/fastq/SRR262/035/SRR26203935/SRR26203935_1.fastq.gz
SAMN37576636,SRR26203936,SRR26203936_1.fastq.gz,ftp://ftp.sra.ebi.ac.uk/vol1/fastq/SRR262/036/SRR26203936/SRR26203936_1.fastq.gz
SAMN37576636,SRR26203936,SRR26203936_2.fastq.gz,ftp://ftp.sra.ebi.ac.uk/vol1/fastq/SRR262/036/SRR26203936/SRR26203936_2.fastq.gz
SAMN37576636,SRR26953547,SRR26953547_1.fastq.gz,ftp://ftp.sra.ebi.ac.uk/vol1/fastq/SRR269/047/SRR26953547/SRR26953547_1.fastq.gz
SAMN37576636,SRR26953547,SRR26953547_2.fastq.gz,ftp://ftp.sra.ebi.ac.uk/vol1/fastq/SRR269/047/SRR26953547/SRR26953547_2.fastq.gz
SAMD00269949,DRR261070,DRR261070_1.fastq.gz,ftp://ftp.sra.ebi.ac.uk/vol1/fastq/DRR261/DRR261070/DRR261070_1.fastq.gz
SAMD00269949,DRR261070,DRR261070_2.fastq.gz,ftp://ftp.sra.ebi.ac.uk/vol1/fastq/DRR261/DRR261070/DRR261070_2.fastq.gz
SAMD00269949,DRR261201,DRR261201_1.fastq.gz,ftp://ftp.sra.ebi.ac.uk/vol1/fastq/DRR261/DRR261201/DRR261201_1.fastq.gz
SAMD00269951,DRR261203,DRR261203_1.fastq.gz,ftp://ftp.sra.ebi.ac.uk/vol1/fastq/DRR261/DRR261203/DRR261203_1.fastq.gz
SAMD00269951,DRR261096,DRR261096_1.fastq.gz,ftp://ftp.sra.ebi.ac.uk/vol1/fastq/DRR261/DRR261096/DRR261096_1.fastq.gz
SAMD00269951,DRR261096,DRR261096_2.fastq.gz,ftp://ftp.sra.ebi.ac.uk/vol1/fastq/DRR261/DRR261096/DRR261096_2.fastq.gz
SAMN41453958,SRR29081042,SRR29081042_1.fastq.gz,ftp://ftp.sra.ebi.ac.uk/vol1/fastq/SRR290/042/SRR29081042/SRR29081042_1.fastq.gz
SAMN41453958,SRR29081042,SRR29081042_2.fastq.gz,ftp://ftp.sra.ebi.ac.uk/vol1/fastq/SRR290/042/SRR29081042/SRR29081042_2.fastq.gz
SAMN41453958,SRR29081115,SRR29081115_1.fastq.gz,ftp://ftp.sra.ebi.ac.uk/vol1/fastq/SRR290/015/SRR29081115/SRR29081115_1.fastq.gz
SAMN16406473,SRR12801735,SRR12801735_1.fastq.gz,ftp://ftp.sra.ebi.ac.uk/vol1/fastq/SRR128/035/SRR12801735/SRR12801735_1.fastq.gz
SAMEA115401575,ERR12742690,ERR12742690.fastq.gz,ftp://ftp.sra.ebi.ac.uk/vol1/fastq/ERR127/090/ERR12742690/ERR12742690.fastq.gz
SAMEA115401575,ERR12743225,ERR12743225.fastq.gz,ftp://ftp.sra.ebi.ac.uk/vol1/fastq/ERR127/025/ERR12743225/ERR12743225.fastq.gz
SAMN11056471,SRR9625175,SRR9625175_1.fastq.gz,ftp://ftp.sra.ebi.ac.uk/vol1/fastq/SRR962/005/SRR9625175/SRR9625175_1.fastq.gz
SAMN11056471,SRR9625175,SRR9625175_2.fastq.gz,ftp://ftp.sra.ebi.ac.uk/vol1/fastq/SRR962/005/SRR9625175/SRR9625175_2.fastq.gz
SAMN11056471,SRR9625174,SRR9625174_subreads.fastq.gz,ftp://ftp.sra.ebi.ac.uk/vol1/fastq/SRR962/004/SRR9625174/SRR9625174_subreads.fastq.gz
SAMN10219709,SRR7983754,SRR7983754_1.fastq.gz,ftp://ftp.sra.ebi.ac.uk/vol1/fastq/SRR798/004/SRR7983754/SRR7983754_1.fastq.gz
SAMN10219709,SRR7983754,SRR7983754_2.fastq.gz,ftp://ftp.sra.ebi.ac.uk/vol1/fastq/SRR798/004/SRR7983754/SRR7983754_2.fastq.gz
SAMN10219709,SRR7983753,SRR7983753_subreads.fastq.gz,ftp://ftp.sra.ebi.ac.uk/vol1/fastq/SRR798/003/SRR7983753/SRR7983753_subreads.fastq.gz
SAMN03257095,SRR3668207,SRR3668207_subreads.fastq.gz,ftp://ftp.sra.ebi.ac.uk/vol1/fastq/SRR366/007/SRR3668207/SRR3668207_subreads.fastq.gz
SAMN03257095,SRR2667552,SRR2667552_1.fastq.gz,ftp://ftp.sra.ebi.ac.uk/vol1/fastq/SRR266/002/SRR2667552/SRR2667552_1.fastq.gz
SAMN03257095,SRR2667552,SRR2667552_2.fastq.gz,ftp://ftp.sra.ebi.ac.uk/vol1/fastq/SRR266/002/SRR2667552/SRR2667552_2.fastq.gz
SAMN03257095,SRR3647362,SRR3647362_1.fastq.gz,ftp://ftp.sra.ebi.ac.uk/vol1/fastq/SRR364/002/SRR3647362/SRR3647362_1.fastq.gz
SAMN03257095,SRR3647362,SRR3647362_2.fastq.gz,ftp://ftp.sra.ebi.ac.uk/vol1/fastq/SRR364/002/SRR3647362/SRR3647362_2.fastq.gz
SAMN03257095,SRR3668209,SRR3668209_subreads.fastq.gz,ftp://ftp.sra.ebi.ac.uk/vol1/fastq/SRR366/009/SRR3668209/SRR3668209_subreads.fastq.gz
SAMN03257089,SRR2667441,SRR2667441_1.fastq.gz,ftp://ftp.sra.ebi.ac.uk/vol1/fastq/SRR266/001/SRR2667441/SRR2667441_1.fastq.gz
SAMN03257089,SRR2667441,SRR2667441_2.fastq.gz,ftp://ftp.sra.ebi.ac.uk/vol1/fastq/SRR266/001/SRR2667441/SRR2667441_2.fastq.gz
SAMN03257089,SRR3668220,SRR3668220_subreads.fastq.gz,ftp://ftp.sra.ebi.ac.uk/vol1/fastq/SRR366/000/SRR3668220/SRR3668220_subreads.fastq.gz
SAMN03257089,SRR3647356,SRR3647356_1.fastq.gz,ftp://ftp.sra.ebi.ac.uk/vol1/fastq/SRR364/006/SRR3647356/SRR3647356_1.fastq.gz
SAMN03257089,SRR3647356,SRR3647356_2.fastq.gz,ftp://ftp.sra.ebi.ac.uk/vol1/fastq/SRR364/006/SRR3647356/SRR3647356_2.fastq.gz
SAMN03257089,SRR3668221,SRR3668221_subreads.fastq.gz,ftp://ftp.sra.ebi.ac.uk/vol1/fastq/SRR366/001/SRR3668221/SRR3668221_subreads.fastq.gz
SAMEA13188715,ERR9030375,ERR9030375.fastq.gz,ftp://ftp.sra.ebi.ac.uk/vol1/fastq/ERR903/005/ERR9030375/ERR9030375.fastq.gz
SAMEA13188715,ERR9030398,ERR9030398.fastq.gz,ftp://ftp.sra.ebi.ac.uk/vol1/fastq/ERR903/008/ERR9030398/ERR9030398.fastq.gz
SAMEA13188715,ERR9030373,ERR9030373_1.fastq.gz,ftp://ftp.sra.ebi.ac.uk/vol1/fastq/ERR903/003/ERR9030373/ERR9030373_1.fastq.gz
SAMEA13188715,ERR9030373,ERR9030373_2.fastq.gz,ftp://ftp.sra.ebi.ac.uk/vol1/fastq/ERR903/003/ERR9030373/ERR9030373_2.fastq.gz
SAMN03257096,SRR3647353,SRR3647353_1.fastq.gz,ftp://ftp.sra.ebi.ac.uk/vol1/fastq/SRR364/003/SRR3647353/SRR3647353_1.fastq.gz
SAMN03257096,SRR3647353,SRR3647353_2.fastq.gz,ftp://ftp.sra.ebi.ac.uk/vol1/fastq/SRR364/003/SRR3647353/SRR3647353_2.fastq.gz
SAMN03257096,SRR3668210,SRR3668210_subreads.fastq.gz,ftp://ftp.sra.ebi.ac.uk/vol1/fastq/SRR366/000/SRR3668210/SRR3668210_subreads.fastq.gz
SAMN03257096,SRR3668212,SRR3668212_subreads.fastq.gz,ftp://ftp.sra.ebi.ac.uk/vol1/fastq/SRR366/002/SRR3668212/SRR3668212_subreads.fastq.gz
SAMN03257096,SRR2667438,SRR2667438_1.fastq.gz,ftp://ftp.sra.ebi.ac.uk/vol1/fastq/SRR266/008/SRR2667438/SRR2667438_1.fastq.gz
SAMN03257096,SRR2667438,SRR2667438_2.fastq.gz,ftp://ftp.sra.ebi.ac.uk/vol1/fastq/SRR266/008/SRR2667438/SRR2667438_2.fastq.gz
SAMN03257096,SRR3668211,SRR3668211_subreads.fastq.gz,ftp://ftp.sra.ebi.ac.uk/vol1/fastq/SRR366/001/SRR3668211/SRR3668211_subreads.fastq.gz
SAMD00269948,DRR261069,DRR261069_1.fastq.gz,ftp://ftp.sra.ebi.ac.uk/vol1/fastq/DRR261/DRR261069/DRR261069_1.fastq.gz
SAMD00269948,DRR261069,DRR261069_2.fastq.gz,ftp://ftp.sra.ebi.ac.uk/vol1/fastq/DRR261/DRR261069/DRR261069_2.fastq.gz
SAMD00269948,DRR261200,DRR261200_1.fastq.gz,ftp://ftp.sra.ebi.ac.uk/vol1/fastq/DRR261/DRR261200/DRR261200_1.fastq.gz
SAMN24039640,SRR17234893,SRR17234893_subreads.fastq.gz,ftp://ftp.sra.ebi.ac.uk/vol1/fastq/SRR172/093/SRR17234893/SRR17234893_subreads.fastq.gz
SAMN24039640,SRR17234882,SRR17234882_1.fastq.gz,ftp://ftp.sra.ebi.ac.uk/vol1/fastq/SRR172/082/SRR17234882/SRR17234882_1.fastq.gz
SAMN24039640,SRR17234882,SRR17234882_2.fastq.gz,ftp://ftp.sra.ebi.ac.uk/vol1/fastq/SRR172/082/SRR17234882/SRR17234882_2.fastq.gz
SAMN16406470,SRR12801722,SRR12801722_1.fastq.gz,ftp://ftp.sra.ebi.ac.uk/vol1/fastq/SRR128/022/SRR12801722/SRR12801722_1.fastq.gz
SAMEA13188685,ERR9030340,ERR9030340.fastq.gz,ftp://ftp.sra.ebi.ac.uk/vol1/fastq/ERR903/000/ERR9030340/ERR9030340.fastq.gz
SAMEA13188685,ERR9030381,ERR9030381.fastq.gz,ftp://ftp.sra.ebi.ac.uk/vol1/fastq/ERR903/001/ERR9030381/ERR9030381.fastq.gz
SAMEA13188685,ERR9030282,ERR9030282_1.fastq.gz,ftp://ftp.sra.ebi.ac.uk/vol1/fastq/ERR903/002/ERR9030282/ERR9030282_1.fastq.gz
SAMEA13188685,ERR9030282,ERR9030282_2.fastq.gz,ftp://ftp.sra.ebi.ac.uk/vol1/fastq/ERR903/002/ERR9030282/ERR9030282_2.fastq.gz
SAMEA115401568,ERR12743221,ERR12743221.fastq.gz,ftp://ftp.sra.ebi.ac.uk/vol1/fastq/ERR127/021/ERR12743221/ERR12743221.fastq.gz
SAMEA115401568,ERR12742686,ERR12742686.fastq.gz,ftp://ftp.sra.ebi.ac.uk/vol1/fastq/ERR127/086/ERR12742686/ERR12742686.fastq.gz
SAMN16406476,SRR12801732,SRR12801732_1.fastq.gz,ftp://ftp.sra.ebi.ac.uk/vol1/fastq/SRR128/032/SRR12801732/SRR12801732_1.fastq.gz
SAMN40504549,SRR34323116,SRR34323116_1.fastq.gz,ftp://ftp.sra.ebi.ac.uk/vol1/fastq/SRR343/016/SRR34323116/SRR34323116_1.fastq.gz
SAMN11056472,SRR9626913,SRR9626913_subreads.fastq.gz,ftp://ftp.sra.ebi.ac.uk/vol1/fastq/SRR962/003/SRR9626913/SRR9626913_subreads.fastq.gz
SAMN11056472,SRR9626912,SRR9626912_1.fastq.gz,ftp://ftp.sra.ebi.ac.uk/vol1/fastq/SRR962/002/SRR9626912/SRR9626912_1.fastq.gz
SAMN11056472,SRR9626912,SRR9626912_2.fastq.gz,ftp://ftp.sra.ebi.ac.uk/vol1/fastq/SRR962/002/SRR9626912/SRR9626912_2.fastq.gz
SAMEA13188674,ERR9030335,ERR9030335.fastq.gz,ftp://ftp.sra.ebi.ac.uk/vol1/fastq/ERR903/005/ERR9030335/ERR9030335.fastq.gz
SAMEA13188674,ERR9030262,ERR9030262_1.fastq.gz,ftp://ftp.sra.ebi.ac.uk/vol1/fastq/ERR903/002/ERR9030262/ERR9030262_1.fastq.gz
SAMEA13188674,ERR9030262,ERR9030262_2.fastq.gz,ftp://ftp.sra.ebi.ac.uk/vol1/fastq/ERR903/002/ERR9030262/ERR9030262_2.fastq.gz
SAMEA13188674,ERR9030508,ERR9030508.fastq.gz,ftp://ftp.sra.ebi.ac.uk/vol1/fastq/ERR903/008/ERR9030508/ERR9030508.fastq.gz
SAMN03257092,SRR2667444,SRR2667444_1.fastq.gz,ftp://ftp.sra.ebi.ac.uk/vol1/fastq/SRR266/004/SRR2667444/SRR2667444_1.fastq.gz
SAMN03257092,SRR2667444,SRR2667444_2.fastq.gz,ftp://ftp.sra.ebi.ac.uk/vol1/fastq/SRR266/004/SRR2667444/SRR2667444_2.fastq.gz
SAMN03257092,SRR3668201,SRR3668201_subreads.fastq.gz,ftp://ftp.sra.ebi.ac.uk/vol1/fastq/SRR366/001/SRR3668201/SRR3668201_subreads.fastq.gz
SAMN03257092,SRR3668202,SRR3668202_subreads.fastq.gz,ftp://ftp.sra.ebi.ac.uk/vol1/fastq/SRR366/002/SRR3668202/SRR3668202_subreads.fastq.gz
SAMN03257092,SRR3647359,SRR3647359.fastq.gz,ftp://ftp.sra.ebi.ac.uk/vol1/fastq/SRR364/009/SRR3647359/SRR3647359.fastq.gz
SAMN03257092,SRR3647359,SRR3647359_1.fastq.gz,ftp://ftp.sra.ebi.ac.uk/vol1/fastq/SRR364/009/SRR3647359/SRR3647359_1.fastq.gz
SAMN03257092,SRR3647359,SRR3647359_2.fastq.gz,ftp://ftp.sra.ebi.ac.uk/vol1/fastq/SRR364/009/SRR3647359/SRR3647359_2.fastq.gz
SAMN16406463,SRR12801737,SRR12801737_1.fastq.gz,ftp://ftp.sra.ebi.ac.uk/vol1/fastq/SRR128/037/SRR12801737/SRR12801737_1.fastq.gz
SAMEA115401577,ERR12743224,ERR12743224.fastq.gz,ftp://ftp.sra.ebi.ac.uk/vol1/fastq/ERR127/024/ERR12743224/ERR12743224.fastq.gz
SAMEA115401577,ERR12742689,ERR12742689.fastq.gz,ftp://ftp.sra.ebi.ac.uk/vol1/fastq/ERR127/089/ERR12742689/ERR12742689.fastq.gz
SAMN11056466,SRR9176753,SRR9176753_subreads.fastq.gz,ftp://ftp.sra.ebi.ac.uk/vol1/fastq/SRR917/003/SRR9176753/SRR9176753_subreads.fastq.gz
SAMN11056466,SRR9176751,SRR9176751_1.fastq.gz,ftp://ftp.sra.ebi.ac.uk/vol1/fastq/SRR917/001/SRR9176751/SRR9176751_1.fastq.gz
SAMN11056466,SRR9176751,SRR9176751_2.fastq.gz,ftp://ftp.sra.ebi.ac.uk/vol1/fastq/SRR917/001/SRR9176751/SRR9176751_2.fastq.gz
SAMEA104027311,ERR1949967,ERR1949967_1.fastq.gz,ftp://ftp.sra.ebi.ac.uk/vol1/fastq/ERR194/007/ERR1949967/ERR1949967_1.fastq.gz
SAMEA104027311,ERR1949967,ERR1949967_2.fastq.gz,ftp://ftp.sra.ebi.ac.uk/vol1/fastq/ERR194/007/ERR1949967/ERR1949967_2.fastq.gz
SAMEA104027311,ERR2724039,ERR2724039.fastq.gz,ftp://ftp.sra.ebi.ac.uk/vol1/fastq/ERR272/009/ERR2724039/ERR2724039.fastq.gz
SAMEA104027311,ERR2724040,ERR2724040.fastq.gz,ftp://ftp.sra.ebi.ac.uk/vol1/fastq/ERR272/000/ERR2724040/ERR2724040.fastq.gz
SAMEA104027311,ERR2724042,ERR2724042_1.fastq.gz,ftp://ftp.sra.ebi.ac.uk/vol1/fastq/ERR272/002/ERR2724042/ERR2724042_1.fastq.gz
SAMEA104027311,ERR2724042,ERR2724042_2.fastq.gz,ftp://ftp.sra.ebi.ac.uk/vol1/fastq/ERR272/002/ERR2724042/ERR2724042_2.fastq.gz
SAMN13191639,SRR10520175,SRR10520175_1.fastq.gz,ftp://ftp.sra.ebi.ac.uk/vol1/fastq/SRR105/075/SRR10520175/SRR10520175_1.fastq.gz
SAMN13191639,SRR10520175,SRR10520175_2.fastq.gz,ftp://ftp.sra.ebi.ac.uk/vol1/fastq/SRR105/075/SRR10520175/SRR10520175_2.fastq.gz
SAMN13191639,SRR10520596,SRR10520596_subreads.fastq.gz,ftp://ftp.sra.ebi.ac.uk/vol1/fastq/SRR105/096/SRR10520596/SRR10520596_subreads.fastq.gz
SAMN38195838,SRR26783283,SRR26783283_subreads.fastq.gz,ftp://ftp.sra.ebi.ac.uk/vol1/fastq/SRR267/083/SRR26783283/SRR26783283_subreads.fastq.gz
SAMN38195838,SRR26783284,SRR26783284_subreads.fastq.gz,ftp://ftp.sra.ebi.ac.uk/vol1/fastq/SRR267/084/SRR26783284/SRR26783284_subreads.fastq.gz
SAMEA115401563,ERR12743217,ERR12743217.fastq.gz,ftp://ftp.sra.ebi.ac.uk/vol1/fastq/ERR127/017/ERR12743217/ERR12743217.fastq.gz
SAMEA115401563,ERR12742682,ERR12742682.fastq.gz,ftp://ftp.sra.ebi.ac.uk/vol1/fastq/ERR127/082/ERR12742682/ERR12742682.fastq.gz
SAMN12816907,SRR20995191,SRR20995191_1.fastq.gz,ftp://ftp.sra.ebi.ac.uk/vol1/fastq/SRR209/091/SRR20995191/SRR20995191_1.fastq.gz
SAMN12816907,SRR20995191,SRR20995191_2.fastq.gz,ftp://ftp.sra.ebi.ac.uk/vol1/fastq/SRR209/091/SRR20995191/SRR20995191_2.fastq.gz
SAMN12816907,SRR20998249,SRR20998249_subreads.fastq.gz,ftp://ftp.sra.ebi.ac.uk/vol1/fastq/SRR209/049/SRR20998249/SRR20998249_subreads.fastq.gz
SAMN12816907,SRR20998128,SRR20998128_subreads.fastq.gz,ftp://ftp.sra.ebi.ac.uk/vol1/fastq/SRR209/028/SRR20998128/SRR20998128_subreads.fastq.gz
SAMN12816907,SRR20998236,SRR20998236_subreads.fastq.gz,ftp://ftp.sra.ebi.ac.uk/vol1/fastq/SRR209/036/SRR20998236/SRR20998236_subreads.fastq.gz
SAMN16406467,SRR12801725,SRR12801725_1.fastq.gz,ftp://ftp.sra.ebi.ac.uk/vol1/fastq/SRR128/025/SRR12801725/SRR12801725_1.fastq.gz
SAMN37563196,SRR26193448,SRR26193448_1.fastq.gz,ftp://ftp.sra.ebi.ac.uk/vol1/fastq/SRR261/048/SRR26193448/SRR26193448_1.fastq.gz
SAMN37563193,SRR26193451,SRR26193451_1.fastq.gz,ftp://ftp.sra.ebi.ac.uk/vol1/fastq/SRR261/051/SRR26193451/SRR26193451_1.fastq.gz
SAMN11056465,SRR9176614,SRR9176614_subreads.fastq.gz,ftp://ftp.sra.ebi.ac.uk/vol1/fastq/SRR917/004/SRR9176614/SRR9176614_subreads.fastq.gz
SAMN11056465,SRR9176615,SRR9176615_subreads.fastq.gz,ftp://ftp.sra.ebi.ac.uk/vol1/fastq/SRR917/005/SRR9176615/SRR9176615_subreads.fastq.gz
SAMN11056465,SRR9176616,SRR9176616_1.fastq.gz,ftp://ftp.sra.ebi.ac.uk/vol1/fastq/SRR917/006/SRR9176616/SRR9176616_1.fastq.gz
SAMN11056465,SRR9176616,SRR9176616_2.fastq.gz,ftp://ftp.sra.ebi.ac.uk/vol1/fastq/SRR917/006/SRR9176616/SRR9176616_2.fastq.gz
SAMEA13188688,ERR9030304,ERR9030304.fastq.gz,ftp://ftp.sra.ebi.ac.uk/vol1/fastq/ERR903/004/ERR9030304/ERR9030304.fastq.gz
SAMEA13188688,ERR9030519,ERR9030519_1.fastq.gz,ftp://ftp.sra.ebi.ac.uk/vol1/fastq/ERR903/009/ERR9030519/ERR9030519_1.fastq.gz
SAMEA13188688,ERR9030519,ERR9030519_2.fastq.gz,ftp://ftp.sra.ebi.ac.uk/vol1/fastq/ERR903/009/ERR9030519/ERR9030519_2.fastq.gz
SAMEA13188688,ERR9030505,ERR9030505.fastq.gz,ftp://ftp.sra.ebi.ac.uk/vol1/fastq/ERR903/005/ERR9030505/ERR9030505.fastq.gz
SAMN16406472,SRR12801736,SRR12801736_1.fastq.gz,ftp://ftp.sra.ebi.ac.uk/vol1/fastq/SRR128/036/SRR12801736/SRR12801736_1.fastq.gz
SAMN16406478,SRR12801730,SRR12801730_1.fastq.gz,ftp://ftp.sra.ebi.ac.uk/vol1/fastq/SRR128/030/SRR12801730/SRR12801730_1.fastq.gz
SAMN24042990,SRR17234904,SRR17234904_1.fastq.gz,ftp://ftp.sra.ebi.ac.uk/vol1/fastq/SRR172/004/SRR17234904/SRR17234904_1.fastq.gz
SAMN24042990,SRR17234904,SRR17234904_2.fastq.gz,ftp://ftp.sra.ebi.ac.uk/vol1/fastq/SRR172/004/SRR17234904/SRR17234904_2.fastq.gz
SAMN24042990,SRR17234897,SRR17234897_subreads.fastq.gz,ftp://ftp.sra.ebi.ac.uk/vol1/fastq/SRR172/097/SRR17234897/SRR17234897_subreads.fastq.gz
SAMN41453983,SRR29081015,SRR29081015_1.fastq.gz,ftp://ftp.sra.ebi.ac.uk/vol1/fastq/SRR290/015/SRR29081015/SRR29081015_1.fastq.gz
SAMN41453983,SRR29081015,SRR29081015_2.fastq.gz,ftp://ftp.sra.ebi.ac.uk/vol1/fastq/SRR290/015/SRR29081015/SRR29081015_2.fastq.gz
SAMN41453983,SRR29081088,SRR29081088_1.fastq.gz,ftp://ftp.sra.ebi.ac.uk/vol1/fastq/SRR290/088/SRR29081088/SRR29081088_1.fastq.gz
SAMN24039598,SRR17234891,SRR17234891_subreads.fastq.gz,ftp://ftp.sra.ebi.ac.uk/vol1/fastq/SRR172/091/SRR17234891/SRR17234891_subreads.fastq.gz
SAMN24039598,SRR17234881,SRR17234881_1.fastq.gz,ftp://ftp.sra.ebi.ac.uk/vol1/fastq/SRR172/081/SRR17234881/SRR17234881_1.fastq.gz
SAMN24039598,SRR17234881,SRR17234881_2.fastq.gz,ftp://ftp.sra.ebi.ac.uk/vol1/fastq/SRR172/081/SRR17234881/SRR17234881_2.fastq.gz
SAMN06292592,SRR5229945,SRR5229945_subreads.fastq.gz,ftp://ftp.sra.ebi.ac.uk/vol1/fastq/SRR522/005/SRR5229945/SRR5229945_subreads.fastq.gz
SAMN28021336,SRR28788881,SRR28788881_subreads.fastq.gz,ftp://ftp.sra.ebi.ac.uk/vol1/fastq/SRR287/081/SRR28788881/SRR28788881_subreads.fastq.gz
SAMN28021336,SRR28776755,SRR28776755_1.fastq.gz,ftp://ftp.sra.ebi.ac.uk/vol1/fastq/SRR287/055/SRR28776755/SRR28776755_1.fastq.gz
SAMN28021336,SRR28776755,SRR28776755_2.fastq.gz,ftp://ftp.sra.ebi.ac.uk/vol1/fastq/SRR287/055/SRR28776755/SRR28776755_2.fastq.gz
SAMEA5803801,ERR3825346,ERR3825346_1.fastq.gz,ftp://ftp.sra.ebi.ac.uk/vol1/fastq/ERR382/006/ERR3825346/ERR3825346_1.fastq.gz
SAMEA5803801,ERR3825346,ERR3825346_2.fastq.gz,ftp://ftp.sra.ebi.ac.uk/vol1/fastq/ERR382/006/ERR3825346/ERR3825346_2.fastq.gz
SAMN16406469,SRR12801723,SRR12801723_1.fastq.gz,ftp://ftp.sra.ebi.ac.uk/vol1/fastq/SRR128/023/SRR12801723/SRR12801723_1.fastq.gz
SAMN16406462,SRR12801738,SRR12801738_1.fastq.gz,ftp://ftp.sra.ebi.ac.uk/vol1/fastq/SRR128/038/SRR12801738/SRR12801738_1.fastq.gz
SAMEA13188731,ERR9030332,ERR9030332.fastq.gz,ftp://ftp.sra.ebi.ac.uk/vol1/fastq/ERR903/002/ERR9030332/ERR9030332.fastq.gz
SAMEA13188731,ERR9030457,ERR9030457_1.fastq.gz,ftp://ftp.sra.ebi.ac.uk/vol1/fastq/ERR903/007/ERR9030457/ERR9030457_1.fastq.gz
SAMEA13188731,ERR9030457,ERR9030457_2.fastq.gz,ftp://ftp.sra.ebi.ac.uk/vol1/fastq/ERR903/007/ERR9030457/ERR9030457_2.fastq.gz
SAMEA13188731,ERR9030409,ERR9030409.fastq.gz,ftp://ftp.sra.ebi.ac.uk/vol1/fastq/ERR903/009/ERR9030409/ERR9030409.fastq.gz
SAMN03257097,SRR2667439,SRR2667439_1.fastq.gz,ftp://ftp.sra.ebi.ac.uk/vol1/fastq/SRR266/009/SRR2667439/SRR2667439_1.fastq.gz
SAMN03257097,SRR2667439,SRR2667439_2.fastq.gz,ftp://ftp.sra.ebi.ac.uk/vol1/fastq/SRR266/009/SRR2667439/SRR2667439_2.fastq.gz
SAMN03257097,SRR3668214,SRR3668214_subreads.fastq.gz,ftp://ftp.sra.ebi.ac.uk/vol1/fastq/SRR366/004/SRR3668214/SRR3668214_subreads.fastq.gz
SAMN03257097,SRR3647354,SRR3647354_1.fastq.gz,ftp://ftp.sra.ebi.ac.uk/vol1/fastq/SRR364/004/SRR3647354/SRR3647354_1.fastq.gz
SAMN03257097,SRR3647354,SRR3647354_2.fastq.gz,ftp://ftp.sra.ebi.ac.uk/vol1/fastq/SRR364/004/SRR3647354/SRR3647354_2.fastq.gz
SAMN03257097,SRR3668213,SRR3668213_subreads.fastq.gz,ftp://ftp.sra.ebi.ac.uk/vol1/fastq/SRR366/003/SRR3668213/SRR3668213_subreads.fastq.gz
SAMD00269954,DRR261188,DRR261188_1.fastq.gz,ftp://ftp.sra.ebi.ac.uk/vol1/fastq/DRR261/DRR261188/DRR261188_1.fastq.gz
SAMD00269954,DRR261188,DRR261188_2.fastq.gz,ftp://ftp.sra.ebi.ac.uk/vol1/fastq/DRR261/DRR261188/DRR261188_2.fastq.gz
SAMD00269954,DRR261206,DRR261206_1.fastq.gz,ftp://ftp.sra.ebi.ac.uk/vol1/fastq/DRR261/DRR261206/DRR261206_1.fastq.gz
